;Sentiment;created_at;text
0;1;Sun Aug 30 14:02:33 +0000 2020;We're looking for someone to join us this fall for an Epic #Fellowship to #research and #analyze data on the cuttin… https://t.co/InzgtflUOT
1;1;Sun Aug 30 14:02:45 +0000 2020;RT @jeremyphoward: Great intro article from @HamelHusain explaining what Docker is, why you might be interested in it, and how to get start…
2;0;Sun Aug 30 14:02:50 +0000 2020;Extended shutdowns are a policy choice, not a scientific choice.
3;0;Sun Aug 30 14:02:50 +0000 2020;RT @betterpakistan: The drop was due to no. of factors incl when it became obvious to Intl markets that PMLN will not be allowed by estt to…
4;1;Sun Aug 30 14:02:50 +0000 2020;RT @TheTerminal: Delivering data, news and analytics through innovative technology - in real time.
5;1;Sun Aug 30 14:02:51 +0000 2020;RT @lisalendway: Anyone teaching Intro Stat or Intro Data Science using #rstats #ggplot2  or #dplyr may find this package that only contain…
6;0;Sun Aug 30 14:03:11 +0000 2020;RT @DrEricDing: Ugh—The FDA has done it again—approved something without trial data to back it up. FDA just allowed the drug remdesivir to…
7;1;Sun Aug 30 14:03:11 +0000 2020;"RT @DuckDuckGo: ""Female-body trackers have an agenda: They make money by showing their users ads, and they are increasingly interested in s…"
8;1;Sun Aug 30 14:03:14 +0000 2020;"RT @alentyler: Heyy 👋🏾 ,

I’ll be hosting  a monthly virtual series  starting from  today.

We’ll  get to explore amazing  capabilities of…"
9;1;Sun Aug 30 14:03:15 +0000 2020;"RT @DuckDuckGo: ""Female-body trackers have an agenda: They make money by showing their users ads, and they are increasingly interested in s…"
10;0;Sun Aug 30 14:03:17 +0000 2020;https://t.co/NIkvzpTzuX
11;0;Sun Aug 30 14:03:29 +0000 2020;The latest The Data science Daily! https://t.co/N5WGm009z6 #bigdata #machinelearning
12;1;Sun Aug 30 14:03:30 +0000 2020;7 data science certifications to boost your resume and salary https://t.co/rcmfLZFheG #artificialintelligence
13;0;Sun Aug 30 14:03:33 +0000 2020;RT @djordjije83: The latest The Data science Daily! https://t.co/N5WGm009z6 #bigdata #machinelearning
14;1;Sun Aug 30 14:03:51 +0000 2020;RT @TDataScience: How do you present your Data Science solution?  https://t.co/bAYInLBQWm
15;1;Sun Aug 30 14:03:52 +0000 2020;RT @XWingVR: Excited to announce I started as a software engineer @Microsoft on a Data Science and ML team within the Consumer Sales and Ma…
16;1;Sun Aug 30 14:03:58 +0000 2020;RT @XWingVR: Excited to announce I started as a software engineer @Microsoft on a Data Science and ML team within the Consumer Sales and Ma…
17;1;Sun Aug 30 14:04:00 +0000 2020;"RT @alentyler: Heyy 👋🏾 ,

I’ll be hosting  a monthly virtual series  starting from  today.

We’ll  get to explore amazing  capabilities of…"
18;0;Sun Aug 30 14:04:27 +0000 2020;RT @freethink901: @LordFirebrand @CEO Hard to tell if the people tweeting about “only 6%” are really just too dumb to interpret the data or…
19;0;Sun Aug 30 14:04:35 +0000 2020;RT @AlexBerenson: Wow, you’re an “IP attorney” who has no idea how clinical trials actually work. I hope none of your IP work is related in…
20;1;Sun Aug 30 14:04:40 +0000 2020;RT @MomentsWithBren: “Free online resource for data practitioners. From Statistics to Analytics to Machine Learning to AI, with a rich edit…
21;1;Sun Aug 30 14:04:46 +0000 2020;Thanks Ekow. A very good and highly relevant briefing. “Tax authorities are looking to tax where the value is creat… https://t.co/M9tz4gUt7k
22;1;Sun Aug 30 14:04:51 +0000 2020;@TyotoRiffle @QuickTake @JapanGov Heck No! SOME FOOL That will say any thing for a pay check! Make the science fit… https://t.co/NQFSfz5NMo
23;1;Sun Aug 30 14:04:58 +0000 2020;RT @hillelogram: And that's why everybody does data science with pythons.
24;1;Sun Aug 30 14:05:04 +0000 2020;RT @B52Malmet: Speaking with my friend, an anesthesiologist at a major hospital in #NYC today he said “You know, the CDC, the FDA, they wer…
25;0;Sun Aug 30 14:05:05 +0000 2020;"RT @Neoavatara: If 'murky' means 'non-existent'...sure. 

@GovWhitmer https://t.co/FdsjiCWzcH"
26;1;Sun Aug 30 14:05:06 +0000 2020;"RT @Risenetworks: Looking for reasons to venture into #datascience?

👉 Here are 10 reasons to help you decide 

1. It’s in Demand
It is the…"
27;1;Sun Aug 30 14:05:07 +0000 2020;"RT @nyike: Weekend reading &gt; Why Data Science, DataOps, and Data Governance need Agile Methodologies https://t.co/c2LLkMIhMv #DataScience #…"
28;0;Sun Aug 30 14:05:16 +0000 2020;Thread - well @ICOnews ?
29;1;Sun Aug 30 14:05:23 +0000 2020;The Real Sound of a Black Hole 🕳 (Sound On) with three audio waves. These are X-ray data from GRS 1915+105, transla… https://t.co/hqNp54t0Tx
30;1;Sun Aug 30 14:05:27 +0000 2020;"RT @nyike: Weekend reading &gt; Why Data Science, DataOps, and Data Governance need Agile Methodologies https://t.co/c2LLkMIhMv #DataScience #…"
31;1;Sun Aug 30 14:05:28 +0000 2020;"RT @StephenBWiley: . @JasonSaine97th is on the right side of history and the science and data backs him up 
#ncpol"
32;0;Sun Aug 30 14:05:28 +0000 2020;@PatrickMandelik @GovMikeDeWine Yeah but this is data and science that they don’t want you to listen to because it’… https://t.co/xNKGAMlQ7C
33;1;Sun Aug 30 14:06:00 +0000 2020;RT @detroitnews: Editorial: Whitmer’s administration touts science and data as the reason behind shutdown orders, but the specific data it…
34;1;Sun Aug 30 14:06:09 +0000 2020;"RT @apoliticalco: Are you bilingual? 

Not in the traditional sense, but someone who has expertise in both a public issue and data science…"
35;1;Sun Aug 30 14:06:14 +0000 2020;RT @SamueL_WonG_: Data Science Like a Pro: Anaconda and Jupyter Notebook on Visual Studio Code https://t.co/cZmGwhHOH5
36;0;Sun Aug 30 14:06:25 +0000 2020;RT @AlexBerenson: Wow, you’re an “IP attorney” who has no idea how clinical trials actually work. I hope none of your IP work is related in…
37;0;Sun Aug 30 14:06:34 +0000 2020;"RT @Neoavatara: If 'murky' means 'non-existent'...sure. 

@GovWhitmer"
38;0;Sun Aug 30 14:06:36 +0000 2020;Studying female bodies “for science”... now why do i feel like I’ve read this before 🤣🤣🤣
39;0;Sun Aug 30 14:06:46 +0000 2020;RT @freethink901: @LordFirebrand @CEO Hard to tell if the people tweeting about “only 6%” are really just too dumb to interpret the data or…
40;1;Sun Aug 30 14:06:53 +0000 2020;"RT @grant_mcdermott: I'm teaching a ""data science for economists"" course this semester. 

If you're interested in learning more about #rsta…"
41;1;Sun Aug 30 14:07:03 +0000 2020;RT @MomentsWithBren: “Free online resource for data practitioners. From Statistics to Analytics to Machine Learning to AI, with a rich edit…
42;1;Sun Aug 30 14:07:03 +0000 2020;RT @detroitnews: Editorial: Whitmer’s administration touts science and data as the reason behind shutdown orders, but the specific data it…
43;0;Sun Aug 30 14:07:09 +0000 2020;"@MBNRox
 
@GOPLeader
 
@DoctorJanette
 
@GoJackFlynn
 
@foxandfriends
 
@MariaBartiromo
 
@TuckerCarlson… https://t.co/NahcapUCHT"
44;0;Sun Aug 30 14:07:20 +0000 2020;RT @JCLN19: Need help, resistors / blue wave. I vet / follow back! Help out a guitarist, scientist, gay lady with irreverent humor! I'm reb…
45;1;Sun Aug 30 14:07:29 +0000 2020;RT @DrEricDing: 21) We can mostly all agree that science and new data on the pandemic shouldn’t be muzzled, and that science should guide u…
46;1;Sun Aug 30 14:07:34 +0000 2020;RT @twiecki: Viola and her team have developed an impressive #COVID19 change point model in #PyMC3 that was published in Science. Couldn't…
47;0;Sun Aug 30 14:07:36 +0000 2020;So people with pre-existing conditions are most at risk, like the scientists said.. About 46 percent of the US has… https://t.co/5ptRlHD7w7
48;1;Sun Aug 30 14:07:38 +0000 2020;RT @HarunMbaabu: Python is the most widely used programming language today.  Most data scientists are already leveraging the power of Pytho…
49;0;Sun Aug 30 14:07:41 +0000 2020;RT @AlexBerenson: Wow, you’re an “IP attorney” who has no idea how clinical trials actually work. I hope none of your IP work is related in…
50;1;Sun Aug 30 14:07:43 +0000 2020;"Data Science &amp; Strategy Day 2020 https://t.co/bK7lcmkSWU"
51;0;Sun Aug 30 14:07:52 +0000 2020;@detroitnews Regardless of your political orientation, the scientific community is definetly not in consensus - cou… https://t.co/HPk8L7pqFP
52;1;Sun Aug 30 14:08:02 +0000 2020;RT @Yamiche: President Trump, standing before hundreds of people who are not practicing social distancing and who mostly aren't wearing mas…
53;1;Sun Aug 30 14:08:07 +0000 2020;RT @UoL_UGrad_LSE: The University of London now offers supported online degrees in fields like economics, business and management, and data…
54;1;Sun Aug 30 14:08:08 +0000 2020;"RT @StabellBenn: Covid-19: Should doctors recommend treatments and vaccines when full data are not publicly available?
Me on the ""No"" side:…"
55;1;Sun Aug 30 14:08:31 +0000 2020;RT @NDIparties: If you missed @NDI's “Data Analytics for #SocialMedia Monitoring,” follow this link for a comprehensive guide to help #demo…
56;0;Sun Aug 30 14:08:36 +0000 2020;RT @AlexBerenson: Wow, you’re an “IP attorney” who has no idea how clinical trials actually work. I hope none of your IP work is related in…
57;0;Sun Aug 30 14:08:37 +0000 2020;"RT @DuckDuckGo: ""Female-body trackers have an agenda: They make money by showing their users ads, and they are increasingly interested in s…"
58;1;Sun Aug 30 14:08:46 +0000 2020;RT @Acosta: Trump on his approach to the virus: “We are focusing on the science, the facts and the data” Trump is saying this to a non-soci…
59;0;Sun Aug 30 14:08:53 +0000 2020;"RT @DuckDuckGo: ""Female-body trackers have an agenda: They make money by showing their users ads, and they are increasingly interested in s…"
60;1;Sun Aug 30 14:08:57 +0000 2020;RT @jsolomonReports: Astronomers say artificial intelligence discovered dozens of new planets in old telescope data | Just The News https:/…
61;0;Sun Aug 30 14:09:05 +0000 2020;Science Data Center BaWü: Die Science Data Center werden bedarfs­gerechte Workflows, Analysewerkzeuge und Dienste-P… https://t.co/asa3lCLC7K
62;0;Sun Aug 30 14:09:06 +0000 2020;RT @Mase_Based: So people with pre-existing conditions are most at risk, like the scientists said.. About 46 percent of the US has high blo…
63;0;Sun Aug 30 14:09:12 +0000 2020;"RT @DuckDuckGo: ""Female-body trackers have an agenda: They make money by showing their users ads, and they are increasingly interested in s…"
64;0;Sun Aug 30 14:09:18 +0000 2020;"RT @FatEmperor: On this Sunday morning, the newspapers will again be fueling hysteria like demented loons.

Please click on below data and…"
65;0;Sun Aug 30 14:09:28 +0000 2020;"@Dan_torke @HeavyGorz شاید دیتای 25000 نفر منظورش بود. حتی آمازون 25000 نیروی Data science نداره.
اون جوری حساب کنی… https://t.co/2iCsEwm2ZU"
66;1;Sun Aug 30 14:09:28 +0000 2020;RT @twiecki: Viola and her team have developed an impressive #COVID19 change point model in #PyMC3 that was published in Science. Couldn't…
67;1;Sun Aug 30 14:09:31 +0000 2020;"RT @alentyler: Heyy 👋🏾 ,

I’ll be hosting  a monthly virtual series  starting from  today.

We’ll  get to explore amazing  capabilities of…"
68;1;Sun Aug 30 14:09:41 +0000 2020;RT @betterpakistan: The drop was due to no. of factors incl when it became obvious to Intl markets that PMLN will not be allowed by estt to…
69;0;Sun Aug 30 14:09:50 +0000 2020;RT @freethink901: @LordFirebrand @CEO Hard to tell if the people tweeting about “only 6%” are really just too dumb to interpret the data or…
70;1;Sun Aug 30 14:09:55 +0000 2020;Looking for Data Science Jobs in the Pandemic? Good News and Not So Good News by ODSC - Open Data Science https://t.co/jfuo7Ua1fq
71;0;Sun Aug 30 14:09:58 +0000 2020;RT @DavidSpeakman1: Not only are there false positives but now positives are unlikely to be contagious. We close down the travel industry a…
72;1;Sun Aug 30 14:10:02 +0000 2020;Science Data Center für Literatur - https://t.co/7HSBUO1Jsx #sdc4lit
73;1;Sun Aug 30 14:10:16 +0000 2020;"RT @ThoHeller: Huge List of Free Artificial Intelligence, Machine Learning, Data Science &amp; Python E-Books https://t.co/wY4c4V2lJz"
74;1;Sun Aug 30 14:10:17 +0000 2020;RT @twiecki: Viola and her team have developed an impressive #COVID19 change point model in #PyMC3 that was published in Science. Couldn't…
75;1;Sun Aug 30 14:10:20 +0000 2020;RT @betterpakistan: The drop was due to no. of factors incl when it became obvious to Intl markets that PMLN will not be allowed by estt to…
76;1;Sun Aug 30 14:10:56 +0000 2020;RT @detroitnews: Editorial: Whitmer’s administration touts science and data as the reason behind shutdown orders, but the specific data it…
77;0;Sun Aug 30 14:10:56 +0000 2020;"RT @DuckDuckGo: ""Female-body trackers have an agenda: They make money by showing their users ads, and they are increasingly interested in s…"
78;1;Sun Aug 30 14:11:00 +0000 2020;RT @jsolomonReports: Astronomers say artificial intelligence discovered dozens of new planets in old telescope data | Just The News https:/…
79;1;Sun Aug 30 14:11:15 +0000 2020;RT @detroitnews: Editorial: Whitmer’s administration touts science and data as the reason behind shutdown orders, but the specific data it…
80;0;Sun Aug 30 14:11:16 +0000 2020;"RT @HABrazeau: Why should we expect anyone to trust and follow science when even universities won’t do that.

The various absurd uni COVID…"
81;0;Sun Aug 30 14:12:05 +0000 2020;Digital_Grow_ Thanks for following me! https://t.co/jd8g1FqeJL See https://t.co/ZLFg8pejxM for the latest on #Data and #Analytics @digr_io
82;0;Sun Aug 30 14:12:14 +0000 2020;Political science.
83;1;Sun Aug 30 14:12:17 +0000 2020;RT @steube: The Real Sound of a Black Hole 🕳 (Sound On) with three audio waves. These are X-ray data from GRS 1915+105, translated into aud…
84;0;Sun Aug 30 14:12:21 +0000 2020;"RT @DuckDuckGo: ""Female-body trackers have an agenda: They make money by showing their users ads, and they are increasingly interested in s…"
85;0;Sun Aug 30 14:12:26 +0000 2020;RT @AlexBerenson: Wow, you’re an “IP attorney” who has no idea how clinical trials actually work. I hope none of your IP work is related in…
86;0;Sun Aug 30 14:12:27 +0000 2020;https://t.co/zv6KfHPEE0 https://t.co/vAP5Hm9W6Z
87;0;Sun Aug 30 14:12:40 +0000 2020;RT @DrEricDing: Ugh—The FDA has done it again—approved something without trial data to back it up. FDA just allowed the drug remdesivir to…
88;1;Sun Aug 30 14:12:40 +0000 2020;Augmented analytics - proliferation of augmented capabilities within analytics, business intelligence, and data sci… https://t.co/ZUcHBWjkBU
89;1;Sun Aug 30 14:12:54 +0000 2020;RT @UoL_UGrad_LSE: The University of London now offers supported online degrees in fields like economics, business and management, and data…
90;1;Sun Aug 30 14:13:04 +0000 2020;RT @detroitnews: Editorial: Whitmer’s administration touts science and data as the reason behind shutdown orders, but the specific data it…
91;1;Sun Aug 30 14:13:06 +0000 2020;Are online data science masters programs legit or worth it? https://t.co/JwqjJsDsPD #datascience
92;1;Sun Aug 30 14:13:12 +0000 2020;RT @DataAugmented: Are online data science masters programs legit or worth it? https://t.co/JwqjJsDsPD #datascience
93;0;Sun Aug 30 14:13:17 +0000 2020;"RT @FatEmperor: On this Sunday morning, the newspapers will again be fueling hysteria like demented loons.

Please click on below data and…"
94;1;Sun Aug 30 14:13:28 +0000 2020;RT @DataAugmented: Are online data science masters programs legit or worth it? https://t.co/JwqjJsDsPD #datascience
95;0;Sun Aug 30 14:13:41 +0000 2020;Maybe that's what's causing climate change situation LOL
96;0;Sun Aug 30 14:13:47 +0000 2020;Hey folks! Here's a snippet from the member meetup where I shared my personal approach to self-management and the l… https://t.co/u0lhWeIV9Y
97;1;Sun Aug 30 14:13:51 +0000 2020;RT @derbyuniesrc: Our researchers often work with international organisations like @UNEP and more recently @IUCNRedList to ensure the scien…
98;1;Sun Aug 30 14:14:16 +0000 2020;#Trending: Data Science Platform Market Future Growth, Industry Verticals, and Research Forecast upto 2026 - Owned… https://t.co/fz43eHeIQY
99;1;Sun Aug 30 14:14:16 +0000 2020;"RT @MomentsWithBren: A Complete Guide To Data Science Career Path – By Great Learning &amp; AIM

 https://t.co/msLJna6HbN"
100;0;Sun Aug 30 14:14:18 +0000 2020;RT @Mase_Based: So people with pre-existing conditions are most at risk, like the scientists said.. About 46 percent of the US has high blo…
101;1;Sun Aug 30 14:14:21 +0000 2020;"RT @CIFeed: #Trending: Data Science Platform Market Future Growth, Industry Verticals, and Research Forecast upto 2026 - Owned

#tech #tech…"
102;1;Sun Aug 30 14:14:23 +0000 2020;RT @DoodleSlap: A science textbook was talking about how glaciers held data from the past which made me realize why in Frozen 2 the river t…
103;0;Sun Aug 30 14:14:31 +0000 2020;"RT @Neoavatara: If 'murky' means 'non-existent'...sure. 

@GovWhitmer"
104;0;Sun Aug 30 14:14:34 +0000 2020;"RT @HABrazeau: Why should we expect anyone to trust and follow science when even universities won’t do that.

The various absurd uni COVID…"
105;1;Sun Aug 30 14:14:39 +0000 2020;RT @HarunMbaabu: Python is the most widely used programming language today.  Most data scientists are already leveraging the power of Pytho…
106;0;Sun Aug 30 14:14:44 +0000 2020;@SpartanRyan They don’t care about football as much out west, they don’t have parents and players protesting their… https://t.co/fSAeSbjHn6
107;1;Sun Aug 30 14:14:44 +0000 2020;"RT @MomentsWithBren: A Complete Guide To Data Science Career Path – By Great Learning &amp; AIM

 https://t.co/msLJna6HbN"
108;0;Sun Aug 30 14:14:44 +0000 2020;RT @AlexBerenson: Wow, you’re an “IP attorney” who has no idea how clinical trials actually work. I hope none of your IP work is related in…
109;1;Sun Aug 30 14:15:01 +0000 2020;RT @RepThomasMassie: Real science is repeatable and can predict outcomes. What’s remarkable about this virus is how well the actual data fi…
110;1;Sun Aug 30 14:15:04 +0000 2020;"RT @byLilyV: #FEATURED #COURSES
The #Data #Science Course 2020: Complete #DataScience Bootcamp
In demand skills: #Statistical #analysis
#Py…"
111;1;Sun Aug 30 14:15:12 +0000 2020;"RT @Risenetworks: Looking for reasons to venture into #datascience?

👉 Here are 10 reasons to help you decide 

1. It’s in Demand
It is the…"
112;1;Sun Aug 30 14:15:14 +0000 2020;RT @Courseverse: SQL Masterclass: SQL for Data Analytics ($99.99 to Free) #Serverless #DataScientist #programming #100DaysOfCode #MachineLe…
113;1;Sun Aug 30 14:15:17 +0000 2020;"RT @byLilyV: #FEATURED #COURSES
The #Data #Science Course 2020: Complete #DataScience Bootcamp
In demand skills: #Statistical #analysis
#Py…"
114;1;Sun Aug 30 14:15:28 +0000 2020;Data Science Meets Devops: MLOps with Jupyter, Git, and Kubernetes #kubernetes #tekton #data #kubeflow https://t.co/gLfkYsIgf3
115;1;Sun Aug 30 14:15:33 +0000 2020;RT @maxiaccotto: Te invito a suscribirte al canal de Youtube de la comunidad de Power BI Argentina 👉https://t.co/jpzsI49cmX #powerbi #power…
116;1;Sun Aug 30 14:15:34 +0000 2020;RT @toyosirise: As a young person trying to make an entry into the world of data science, here are some links you can read up as a guide.…
117;1;Sun Aug 30 14:15:45 +0000 2020;China is obviously ahead in software enabling totalitarian like blockchain, AI, data sucking, 5g but these are hype… https://t.co/Tl8c8SUqos
118;1;Sun Aug 30 14:15:51 +0000 2020;RT @Courseverse: SQL Masterclass: SQL for Data Analytics ($99.99 to Free) #Serverless #DataScientist #programming #100DaysOfCode #MachineLe…
119;0;Sun Aug 30 14:15:53 +0000 2020;"RT @DuckDuckGo: ""Female-body trackers have an agenda: They make money by showing their users ads, and they are increasingly interested in s…"
120;0;Sun Aug 30 14:16:04 +0000 2020;RT @twiecki: Viola and her team have developed an impressive #COVID19 change point model in #PyMC3 that was published in Science. Couldn't…
121;0;Sun Aug 30 14:16:06 +0000 2020;RT @GKJoe: So WHY are we still being force fed masks and fear porn? https://t.co/YYXKMWOoHW
122;1;Sun Aug 30 14:16:08 +0000 2020;RT @toyosirise: 5 Essential Tips To Kick-Start A Career In Data Science: https://t.co/fN5v7zvDEj
123;1;Sun Aug 30 14:16:25 +0000 2020;"RT @toyosirise: ""You don't have to spend a fortune and study for years to start working with big data, analytics, and artificial intelligen…"
124;1;Sun Aug 30 14:16:33 +0000 2020;RT @RepThomasMassie: Real science is repeatable and can predict outcomes. What’s remarkable about this virus is how well the actual data fi…
125;1;Sun Aug 30 14:16:46 +0000 2020;RT @conservationx: We're looking for someone to join us this fall for an Epic #Fellowship to #research and #analyze data on the cutting-edg…
126;1;Sun Aug 30 14:16:49 +0000 2020;Really impressive paper coming out of our project @CareersTeachers has just been published. Lots of data and lots o… https://t.co/KZmNjsTOhZ
127;1;Sun Aug 30 14:16:51 +0000 2020;RT @DD_FaFa_: Unit Testing for Data Science in Python: Learn how to write unit tests for your Data Science projects in Python using pytest.…
128;1;Sun Aug 30 14:16:58 +0000 2020;RT @boardinfinity: LinkedIn is a gold mine and is often under utilised by most. A common question received on our discussion forum, here ar…
129;0;Sun Aug 30 14:17:06 +0000 2020;RT @DrEricDing: Ugh—The FDA has done it again—approved something without trial data to back it up. FDA just allowed the drug remdesivir to…
130;1;Sun Aug 30 14:17:14 +0000 2020;Cyber security, cloud computing, IoT, and data science are the next booming sectors #CloudComputing #cybersecurity… https://t.co/rgccPj10Mb
131;0;Sun Aug 30 14:17:17 +0000 2020;RT @JCLN19: 2nd attempt at a boost. @RedloraineV @SenBlumenthal @glennkirschner2 @RosanneR429 @QuancyClayborne @SqautchmanDJ @Kelleyrose20…
132;1;Sun Aug 30 14:17:20 +0000 2020;"Enroll for Online Classes in:
Intro to Computer Programming for Teens (From 14 years)
Software Development Training… https://t.co/5sl5WS4VQG"
133;1;Sun Aug 30 14:17:24 +0000 2020;RT @msdevUK: We're opening the new features of @Azure Synapse Analytics to every data professional with public preview availability, enabli…
134;1;Sun Aug 30 14:17:37 +0000 2020;"RT @CMO_Odisha: Odisha Govt’s Integrated Legal Monitoring System-iLMS &amp; COVID Dashboard have received @ExpComputer #TechSabha Awards.  iLMS…"
135;0;Sun Aug 30 14:18:01 +0000 2020;Worldwide IaaS market grew by 37.3% in 2019, says Gartner @informationage #data #analytics https://t.co/6galyDyr3B
136;1;Sun Aug 30 14:18:02 +0000 2020;RT @KelloggSchool: More businesses are striving to make analytics available to the entire organization. However, if not used properly, data…
137;1;Sun Aug 30 14:18:14 +0000 2020;RT @TDataScience: How do you present your Data Science solution?  https://t.co/bAYInLBQWm
138;0;Sun Aug 30 14:18:19 +0000 2020;"RT @DuckDuckGo: ""Female-body trackers have an agenda: They make money by showing their users ads, and they are increasingly interested in s…"
139;0;Sun Aug 30 14:18:26 +0000 2020;RT @betterpakistan: The drop was due to no. of factors incl when it became obvious to Intl markets that PMLN will not be allowed by estt to…
140;0;Sun Aug 30 14:18:32 +0000 2020;@squashpants When u read stories like this 🤔🤔🤔https://t.co/M7vKd2gvnQ
141;0;Sun Aug 30 14:18:34 +0000 2020;"RT @byLilyV: #FEATURED #COURSES
The #Data #Science Course 2020: Complete #DataScience Bootcamp
In demand skills: #Statistical #analysis
#Py…"
142;0;Sun Aug 30 14:18:38 +0000 2020;"RT @DuckDuckGo: ""Female-body trackers have an agenda: They make money by showing their users ads, and they are increasingly interested in s…"
143;0;Sun Aug 30 14:18:41 +0000 2020;"RT @DuckDuckGo: ""Female-body trackers have an agenda: They make money by showing their users ads, and they are increasingly interested in s…"
144;1;Sun Aug 30 14:18:41 +0000 2020;RT @UoL_UGrad_LSE: The University of London now offers supported online degrees in fields like economics, business and management, and data…
145;0;Sun Aug 30 14:18:52 +0000 2020;"RT @FatEmperor: On this Sunday morning, the newspapers will again be fueling hysteria like demented loons.

Please click on below data and…"
146;1;Sun Aug 30 14:19:08 +0000 2020;"RT @Deep__AI: From the Machine Learning &amp; Data Science glossary: Probabilistic Causation https://t.co/ZjIk7eJoyo #ProbabilityTheory #Probab…"
147;1;Sun Aug 30 14:19:14 +0000 2020;RT @jsolomonReports: Astronomers say artificial intelligence discovered dozens of new planets in old telescope data | Just The News https:/…
148;0;Sun Aug 30 14:19:15 +0000 2020;RT @JCLN19: Need help, resistors / blue wave. I vet / follow back! Help out a guitarist, scientist, gay lady with irreverent humor! I'm reb…
149;1;Sun Aug 30 14:19:59 +0000 2020;"RT @alentyler: Heyy 👋🏾 ,

I’ll be hosting  a monthly virtual series  starting from  today.

We’ll  get to explore amazing  capabilities of…"
150;0;Sun Aug 30 14:20:06 +0000 2020;@realStanVG Need more nuanced discussion here.  Some religions are less harmful and discriminatory than others. Sci… https://t.co/wbBk4fTPhZ
151;0;Sun Aug 30 14:20:09 +0000 2020;RT @vaibhav_vu: Data Science या क्षेत्रात बिझनेस अनालिस्ट,डेटा अनालिस्ट,डेटा सायंटिस्ट,मशीन लर्निंग इंजीनियर  ,डेटा इंजीनियर असे जॉब्स एक्स…
152;1;Sun Aug 30 14:20:26 +0000 2020;The latest The Data science Daily! https://t.co/ZwFNBjWm03 #artificialintelligence #aidriven
153;1;Sun Aug 30 14:20:27 +0000 2020;Why wouldn’t you pick the analysts’ choice? #Teradata is a leader with the top score in the current offering catego… https://t.co/RJrGAfG9qQ
154;1;Sun Aug 30 14:20:37 +0000 2020;RT @DataAugmented: Are online data science masters programs legit or worth it? https://t.co/JwqjJsDsPD #datascience
155;1;Sun Aug 30 14:21:07 +0000 2020;Can you recommend anyone for this job? Postdoctoral Fellow (Computational Psychiatry / Data Science / Informatics)… https://t.co/G101gRTqNd
156;1;Sun Aug 30 14:21:12 +0000 2020;@MohapatraHemant @rajeshsawhney It is a use case of predictive analytics - with real time data estimates(consumptio… https://t.co/JwXHwOKTad
157;1;Sun Aug 30 14:21:20 +0000 2020;The latest The data science Daily! https://t.co/EclXtsskf9 #datascience #machinelearning
158;1;Sun Aug 30 14:21:22 +0000 2020;"RT @Highcharts: Highcharts for R users!  
https://t.co/O6CEOsHAQw

If you love doing data science with R and creating interactive data visu…"
159;1;Sun Aug 30 14:21:23 +0000 2020;"Data Visualization in Python - Cheatsheet
Other Popular Posts:
 💙 The Ultimate Guide to AI, Data Science &amp; Machine… https://t.co/opbC8mvaQs"
160;1;Sun Aug 30 14:21:25 +0000 2020;RT @alanr100: The latest The data science Daily! https://t.co/EclXtsskf9 #datascience #machinelearning
161;0;Sun Aug 30 14:21:44 +0000 2020;"RT @JordanSchachtel: The origin story of COVID-19 lockdowns.

China's Wuhan lockdown was “new to science.” It was pseudoscience. It didn't…"
162;1;Sun Aug 30 14:21:53 +0000 2020;"RT @Datatouille: Spoiler: SPLIT. THEM. UP.
And when we finally have composite models with AS you will be able to connect to multiple models…"
163;0;Sun Aug 30 14:22:01 +0000 2020;@MelissaAFrancis If this is true why isn’t the main street media “following the science/data/facts”
164;0;Sun Aug 30 14:22:12 +0000 2020;"RT @ASlavitt: There is a right way to introduce a vaccine. Real data. Not over-stated. With a strategy for introduction and distribution &amp;…"
165;1;Sun Aug 30 14:22:38 +0000 2020;RT @jsolomonReports: Astronomers say artificial intelligence discovered dozens of new planets in old telescope data | Just The News https:/…
166;1;Sun Aug 30 14:22:38 +0000 2020;RT @RepThomasMassie: Real science is repeatable and can predict outcomes. What’s remarkable about this virus is how well the actual data fi…
167;0;Sun Aug 30 14:22:41 +0000 2020;Beklenmedik bir son.
168;0;Sun Aug 30 14:22:41 +0000 2020;RT @detroitnews: Editorial: Whitmer’s administration touts science and data as the reason behind shutdown orders, but the specific data it…
169;0;Sun Aug 30 14:22:59 +0000 2020;"@TheRedNedness @stltoday @annie3mer @LaurieSkrivan That's a funny way to type ""no, I don't have any 'science' or 'd… https://t.co/T2M3EEiLI3"
170;1;Sun Aug 30 14:23:02 +0000 2020;In @Gartner_Inc's new Critical Capabilities for Data Quality Solutions, @Infogix ranks high among the competition!… https://t.co/IuhdQZJa9Q
171;0;Sun Aug 30 14:23:03 +0000 2020;@keypointist @nmrqip Oh since you're following the science so closely, can you show me the data that shows Sweden h… https://t.co/LE7SV5iurf
172;1;Sun Aug 30 14:23:16 +0000 2020;RT @jsolomonReports: Astronomers say artificial intelligence discovered dozens of new planets in old telescope data | Just The News https:/…
173;0;Sun Aug 30 14:23:38 +0000 2020;@worksfess Btw nder coba ikut pelatihan data science ajaaa , itu rata2 phyton emg kepake si
174;1;Sun Aug 30 14:23:40 +0000 2020;Mars Lan and Pardhu Gunnam explain how they designed the DataHub platform @LinkedIn, how it integrates into their d… https://t.co/beW9q5egda
175;1;Sun Aug 30 14:23:45 +0000 2020;RT @FNeubueser: Mars Lan and Pardhu Gunnam explain how they designed the DataHub platform @LinkedIn, how it integrates into their data plat…
176;0;Sun Aug 30 14:23:59 +0000 2020;"@krystaltheblu Your Skill, Your Asset
Just

By the way.
University of Washington
University of London
University of… https://t.co/EAPtKOicNt"
177;1;Sun Aug 30 14:24:09 +0000 2020;Building a Data Platform to Enable Analytics and AI-Driven Innovation #Innovation #ui  https://t.co/O86YbdtNqe
178;0;Sun Aug 30 14:24:12 +0000 2020;"RT @FatEmperor: On this Sunday morning, the newspapers will again be fueling hysteria like demented loons.

Please click on below data and…"
179;1;Sun Aug 30 14:24:12 +0000 2020;RT @cwebb_bi: Optimising The Performance Of #PowerQuery Merges In #PowerBI, Part 5: Cross Joins https://t.co/TFxdpq4XI7
180;0;Sun Aug 30 14:24:20 +0000 2020;RT @FloridaSharkman: @squashpants When u read stories like this 🤔🤔🤔https://t.co/M7vKd2gvnQ
181;0;Sun Aug 30 14:24:28 +0000 2020;RT @AlexBerenson: Wow, you’re an “IP attorney” who has no idea how clinical trials actually work. I hope none of your IP work is related in…
182;1;Sun Aug 30 14:24:28 +0000 2020;RT @FNeubueser: Mars Lan and Pardhu Gunnam explain how they designed the DataHub platform @LinkedIn, how it integrates into their data plat…
183;0;Sun Aug 30 14:24:33 +0000 2020;"DATA TO THE PEOPLE!!!

If you are using #microsoftteams and #powerbi then you should 100% be checking out the integ… https://t.co/y10p6q8qjK"
184;0;Sun Aug 30 14:24:40 +0000 2020;@AaronBlake @SteveFDA This is pretty much how we ended up invading Iraq.  White House wanted evidence of WMDs and C… https://t.co/9MP2xm3viA
185;0;Sun Aug 30 14:24:53 +0000 2020;RT @coursera: Coursera’s #GlobalSkillsIndex 2020 is here! See how your country and industry rank in essential skills across business, techn…
186;0;Sun Aug 30 14:24:57 +0000 2020;"@ggorangge @chnlixstar Your Skill, Your Asset
Just

By the way.
University of Washington
University of London
Unive… https://t.co/zCCfMittDB"
187;1;Sun Aug 30 14:24:59 +0000 2020;"RT @madmakko: 3-month Fulbright lectureship 

Computational Social Sciences, Big Data Analytics

@ Dept. Political and Social Sciences, Uni…"
188;1;Sun Aug 30 14:25:02 +0000 2020;With the speed at which all organizations are moving having a #DataOps strategy is critical https://t.co/XvLWRnfy93 #Data #Analytics
189;1;Sun Aug 30 14:25:05 +0000 2020;RT @RepThomasMassie: Real science is repeatable and can predict outcomes. What’s remarkable about this virus is how well the actual data fi…
190;0;Sun Aug 30 14:25:05 +0000 2020;"RT @KratosBi: DATA TO THE PEOPLE!!!

If you are using #microsoftteams and #powerbi then you should 100% be checking out the integration cap…"
191;0;Sun Aug 30 14:25:18 +0000 2020;"RT @FatEmperor: On this Sunday morning, the newspapers will again be fueling hysteria like demented loons.

Please click on below data and…"
192;1;Sun Aug 30 14:25:24 +0000 2020;"RT @Ronald_vanLoon: Four Strategies for Upskilling in #DataScience After Covid-19 Pandemic
by @Ronald_vanloon |

Read more: https://t.co/rX…"
193;0;Sun Aug 30 14:25:26 +0000 2020;"@katjadelynn @FijiPM @jacindaardern Your Skill, Your Asset
Just

By the way.
University of Washington
University of… https://t.co/2MXHmmA6Cx"
194;1;Sun Aug 30 14:25:28 +0000 2020;@Noody69Noody @ChatHoops 2020 and despite all the sports science, analytics, data and nutrition that modern coaches… https://t.co/xSRJ16CGkk
195;1;Sun Aug 30 14:25:31 +0000 2020;RT @detroitnews: Editorial: Whitmer’s administration touts science and data as the reason behind shutdown orders, but the specific data it…
196;0;Sun Aug 30 14:25:44 +0000 2020;Hahn: “We have a convergence of the Covid-19 pandemic with the political season, and we're just going to have to ge… https://t.co/LcRcPemO3r
197;0;Sun Aug 30 14:25:48 +0000 2020;"RT @DuckDuckGo: ""Female-body trackers have an agenda: They make money by showing their users ads, and they are increasingly interested in s…"
198;0;Sun Aug 30 14:25:56 +0000 2020;RT @AlexBerenson: Wow, you’re an “IP attorney” who has no idea how clinical trials actually work. I hope none of your IP work is related in…
199;1;Sun Aug 30 14:26:06 +0000 2020;"RT @RADACAD_COM: Combine tables or create relationships in #PowerBI?
Today @Rad_Reza explained that in an article https://t.co/j5ThXqG4dm h…"
200;0;Sun Aug 30 14:26:11 +0000 2020;RT @DrEricDing: Ugh—The FDA has done it again—approved something without trial data to back it up. FDA just allowed the drug remdesivir to…
201;1;Sun Aug 30 14:26:28 +0000 2020;RT @IBMBenelux: The latest release of IBM Cognos Analytics is packed full of exciting new ways to interact with and visualize your data. Re…
202;1;Sun Aug 30 14:26:28 +0000 2020;Building a Data Platform to Enable Analytics and AI-Driven Innovation #UI #innovation  https://t.co/UOPtEiLEtG
203;1;Sun Aug 30 14:26:31 +0000 2020;RT @UoL_UGrad_LSE: The University of London now offers supported online degrees in fields like economics, business and management, and data…
204;0;Sun Aug 30 14:26:35 +0000 2020;"""It seems to be a pattern of approval without science, without data, without evidence,"" Eric Topol, vice president… https://t.co/KptuybwtNv"
205;1;Sun Aug 30 14:26:50 +0000 2020;RT @detroitnews: Editorial: Whitmer’s administration touts science and data as the reason behind shutdown orders, but the specific data it…
206;0;Sun Aug 30 14:26:57 +0000 2020;"RT @alentyler: Heyy 👋🏾 ,

I’ll be hosting  a monthly virtual series  starting from  today.

We’ll  get to explore amazing  capabilities of…"
207;1;Sun Aug 30 14:27:09 +0000 2020;"Crie um Dashboard em Power BI do ZERO (Caso Prático)  

Length: 1 hour
Students: 18 

FREE LINK =&gt;… https://t.co/nAXd4zbh9M"
208;0;Sun Aug 30 14:27:18 +0000 2020;@LangmanVince @doradopescado Yep, I took crap for saying something was off about this months ago and refusing to we… https://t.co/Gxl3TrFwHU
209;0;Sun Aug 30 14:27:40 +0000 2020;"RT @DuckDuckGo: ""Female-body trackers have an agenda: They make money by showing their users ads, and they are increasingly interested in s…"
210;0;Sun Aug 30 14:27:41 +0000 2020;"Seneng nih liat analisis berbasis data gini. Kerasa kayak balik lagi ke kelas data science. Wkw

Ga ding gamau bali… https://t.co/OiRJlD08vq"
211;1;Sun Aug 30 14:27:45 +0000 2020;RT @UoL_UGrad_LSE: The University of London now offers supported online degrees in fields like economics, business and management, and data…
212;1;Sun Aug 30 14:27:54 +0000 2020;RT @FNeubueser: Mars Lan and Pardhu Gunnam explain how they designed the DataHub platform @LinkedIn, how it integrates into their data plat…
213;0;Sun Aug 30 14:28:13 +0000 2020;"RT @FatEmperor: On this Sunday morning, the newspapers will again be fueling hysteria like demented loons.

Please click on below data and…"
214;0;Sun Aug 30 14:28:22 +0000 2020;@AntoniousAttall @Umair2017 @BCMHeart @AkuCardiology @WKayaniMD @BaylorCardio @DLBHATTMD @jedicath @mmamas1973… https://t.co/QveX09XGfO
215;1;Sun Aug 30 14:28:23 +0000 2020;RT @twiecki: Viola and her team have developed an impressive #COVID19 change point model in #PyMC3 that was published in Science. Couldn't…
216;1;Sun Aug 30 14:28:32 +0000 2020;RT @Acosta: Trump on his approach to the virus: “We are focusing on the science, the facts and the data” Trump is saying this to a non-soci…
217;0;Sun Aug 30 14:28:52 +0000 2020;"RT @FatEmperor: On this Sunday morning, the newspapers will again be fueling hysteria like demented loons.

Please click on below data and…"
218;1;Sun Aug 30 14:29:02 +0000 2020;"RT @IBMDeveloper: Data science tools for data-driven decision making &amp; machine learning on scalable platforms, including Spark and TensorFl…"
219;0;Sun Aug 30 14:29:02 +0000 2020;"RT @Ronald_vanLoon: Equip Yourself with New Skills for Ongoing #Disruption
by @Ronald_vanloon |

Read more: https://t.co/rXr4RAP8cx 

#Simp…"
220;0;Sun Aug 30 14:29:09 +0000 2020;RT @AlexBerenson: Wow, you’re an “IP attorney” who has no idea how clinical trials actually work. I hope none of your IP work is related in…
221;1;Sun Aug 30 14:29:10 +0000 2020;RT @jsolomonReports: Astronomers say artificial intelligence discovered dozens of new planets in old telescope data | Just The News https:/…
222;0;Sun Aug 30 14:29:14 +0000 2020;RT @B52Malmet: Speaking with my friend, an anesthesiologist at a major hospital in #NYC today he said “You know, the CDC, the FDA, they wer…
223;1;Sun Aug 30 14:29:20 +0000 2020;"RT @Vipul168: Data Visualization in Python - Cheatsheet
Other Popular Posts:
 💙 The Ultimate Guide to AI, Data Science &amp; Machine Learning…"
224;1;Sun Aug 30 14:29:29 +0000 2020;"RT @IBMDeveloper: Data science tools for data-driven decision making &amp; machine learning on scalable platforms, including Spark and TensorFl…"
225;0;Sun Aug 30 14:29:35 +0000 2020;At a house party , I’m half drunk talking about SQL and power BI🤦🏿‍♂️🤦🏿‍♂️🤦🏿‍♂️🤦🏿‍♂️🤦🏿‍♂️🤦🏿‍♂️🤦🏿‍♂️🤦🏿‍♂️🤦🏿‍♂️🤦🏿‍♂️
226;0;Sun Aug 30 14:29:46 +0000 2020;"RT @DuckDuckGo: ""Female-body trackers have an agenda: They make money by showing their users ads, and they are increasingly interested in s…"
227;1;Sun Aug 30 14:29:53 +0000 2020;RT @twiecki: Viola and her team have developed an impressive #COVID19 change point model in #PyMC3 that was published in Science. Couldn't…
228;0;Sun Aug 30 14:29:53 +0000 2020;RT @SamueL_WonG_: Solve problems in your day job https://t.co/SgPWDVvPmg
229;1;Sun Aug 30 14:29:58 +0000 2020;RT @jsolomonReports: Astronomers say artificial intelligence discovered dozens of new planets in old telescope data | Just The News https:/…
230;1;Sun Aug 30 14:30:00 +0000 2020;Want to learn how to set up your measurement, how to analyze your data, and how to put what you learn into action u… https://t.co/hM3W1XKH3L
231;0;Sun Aug 30 14:30:05 +0000 2020;"RT @DuckDuckGo: ""Female-body trackers have an agenda: They make money by showing their users ads, and they are increasingly interested in s…"
232;0;Sun Aug 30 14:30:11 +0000 2020;@rasmus1610 @bubble This is awesome if you did not have any background in the field of web development. Is there an… https://t.co/uCXbRdNYPK
233;1;Sun Aug 30 14:30:12 +0000 2020;"""Surprise"" the virus (and subsequently the data) is doing exactly what we all told you the science said it was gonn… https://t.co/9U5n5FkHr6"
234;1;Sun Aug 30 14:30:37 +0000 2020;OptTek Data Scientist/Analytics Engineer | @smartrecruiters  https://t.co/WsPuTrZM3y
235;0;Sun Aug 30 14:30:38 +0000 2020;RT @JCLN19: Need help, resistors / blue wave. I vet / follow back! Help out a guitarist, scientist, gay lady with irreverent humor! I'm reb…
236;0;Sun Aug 30 14:30:46 +0000 2020;@atrupar https://t.co/ItN1N6CMCp
237;1;Sun Aug 30 14:30:59 +0000 2020;RT @jletteboer: Web Scraping Product Data in R with rvest and purrr https://t.co/5T70YwbQUQ #rstats #MachineLearning #webscraping #DataScie…
238;0;Sun Aug 30 14:31:18 +0000 2020;Totally disgusting abuse of privacy! ☹️
239;0;Sun Aug 30 14:31:21 +0000 2020;RT @Acosta: Trump on his approach to the virus: “We are focusing on the science, the facts and the data” Trump is saying this to a non-soci…
240;1;Sun Aug 30 14:31:22 +0000 2020;RT @DataAugmented: Are online data science masters programs legit or worth it? https://t.co/JwqjJsDsPD #datascience
241;0;Sun Aug 30 14:31:29 +0000 2020;"RT @KratosBi: DATA TO THE PEOPLE!!!

If you are using #microsoftteams and #powerbi then you should 100% be checking out the integration cap…"
242;1;Sun Aug 30 14:31:34 +0000 2020;RT @IntelIndia: With accelerated AI and analytics from cloud to edge, harnessing the full power of your data starts here. #datacentric #xeo…
243;1;Sun Aug 30 14:31:42 +0000 2020;"RT @Ronald_vanLoon: Four Strategies for Upskilling in #DataScience After Covid-19 Pandemic
by @Ronald_vanloon |

Read more: https://t.co/rX…"
244;1;Sun Aug 30 14:31:50 +0000 2020;RT @RepThomasMassie: Real science is repeatable and can predict outcomes. What’s remarkable about this virus is how well the actual data fi…
245;1;Sun Aug 30 14:31:52 +0000 2020;"RT @Ronald_vanLoon: A Deep Dive into Four Helpful Upskilling Strategies for #DataScience
by @Ronald_vanloon |

Read more: https://t.co/rXr4…"
246;1;Sun Aug 30 14:31:56 +0000 2020;@swyx Is there anyone who is doing python data science? It might work.
247;0;Sun Aug 30 14:31:57 +0000 2020;RT @AlexBerenson: Wow, you’re an “IP attorney” who has no idea how clinical trials actually work. I hope none of your IP work is related in…
248;0;Sun Aug 30 14:32:15 +0000 2020;#digr_io Worldwide IaaS market grew by 37.3% in 2019, says Gartner informationage #data #analytics https://t.co/9A74mIjKkf
249;1;Sun Aug 30 14:32:21 +0000 2020;RT @detroitnews: Editorial: Whitmer’s administration touts science and data as the reason behind shutdown orders, but the specific data it…
250;1;Sun Aug 30 14:32:23 +0000 2020;RT @ClickOnKaduna: The Click-On Kaduna Data Science Fellowship Programme is the place to get the job experience on the most sought-after ca…
251;0;Sun Aug 30 14:32:24 +0000 2020;"Time for a Sunday Morning Science post (is that even a thing?).

Here's what we see in this morning's weather ballo… https://t.co/BDsUp4gyNw"
252;1;Sun Aug 30 14:32:25 +0000 2020;RT @toyosirise: 5 Essential Tips To Kick-Start A Career In Data Science: https://t.co/fN5v7zvDEj
253;0;Sun Aug 30 14:32:26 +0000 2020;@DonaldJTrumpJr @ProfessorK_865 So once again the “Science and scientist” have failed all of “US”with real accurate… https://t.co/4ZjpF2r8W4
254;1;Sun Aug 30 14:32:29 +0000 2020;"RT @Ronald_vanLoon: Four Strategies for Upskilling in #DataScience After Covid-19 Pandemic
by @Ronald_vanloon |

Read more: https://t.co/rX…"
255;0;Sun Aug 30 14:32:30 +0000 2020;RT @Yamiche: President Trump, standing before hundreds of people who are not practicing social distancing and who mostly aren't wearing mas…
256;1;Sun Aug 30 14:32:33 +0000 2020;RT @toyosirise: As a young person trying to make an entry into the world of data science, here are some links you can read up as a guide.…
257;1;Sun Aug 30 14:32:42 +0000 2020;"RT @Crypto___Oracle: Ari Juels, one of the top computer science minds &amp; inventors of our time is now heading the future architecture of Cha…"
258;0;Sun Aug 30 14:32:58 +0000 2020;Once again @bypaulklee delivers an excellent article.  Thinking @Outkick and @ClayTravis and @WhitlockJason should… https://t.co/cdhxwqjyCw
259;0;Sun Aug 30 14:32:59 +0000 2020;LAWS OF SCIENCE,  structural and functional evidence, empirical findings, clinical documentation and data support T… https://t.co/CsYhHI4sq3
260;0;Sun Aug 30 14:33:00 +0000 2020;@realStanVG Don’t be confused by, MANY causes today have a following akin to religion but are not categorized as su… https://t.co/7onzNLLYUV
261;0;Sun Aug 30 14:33:00 +0000 2020;LAWS OF SCIENCE,  structural and functional evidence, empirical findings, clinical documentation and data support T… https://t.co/b10p9IWXfL
262;1;Sun Aug 30 14:33:01 +0000 2020;"🔥 Best 5 Alternatives To Microsoft Power BI (Plus 1 Bonus Option)

Hint: DashboardFox is the bonus option 🦊

https://t.co/IUrOgMd2D5"
263;0;Sun Aug 30 14:33:12 +0000 2020;"RT @DuckDuckGo: ""Female-body trackers have an agenda: They make money by showing their users ads, and they are increasingly interested in s…"
264;1;Sun Aug 30 14:33:18 +0000 2020;"RT @Ronald_vanLoon: Using #DataAnalytics for Emergency #Management 
by @Ronald_vanLoon | 

Read more: https://t.co/ppw4eXFujT 

#Simplilear…"
265;1;Sun Aug 30 14:33:48 +0000 2020;RT @RepThomasMassie: Real science is repeatable and can predict outcomes. What’s remarkable about this virus is how well the actual data fi…
266;0;Sun Aug 30 14:33:49 +0000 2020;RT @inogic: Embedding Canvas Apps within Model Driven Apps, Power Apps Portal, Power BI and Custom Websites https://t.co/iPvHn4RmE8 #msdyn3…
267;0;Sun Aug 30 14:33:50 +0000 2020;@CoreyOstrum @SpartanRyan The science and data is the same for the PAC 12, the BigTen the SEC and every conference.… https://t.co/7AYO9Sg7ab
268;1;Sun Aug 30 14:33:55 +0000 2020;"RT @pyrrhl: ""Surprise"" the virus (and subsequently the data) is doing exactly what we all told you the science said it was gonna do"
269;0;Sun Aug 30 14:34:06 +0000 2020;RT @AlexBerenson: Wow, you’re an “IP attorney” who has no idea how clinical trials actually work. I hope none of your IP work is related in…
270;0;Sun Aug 30 14:34:07 +0000 2020;"RT @DuckDuckGo: ""Female-body trackers have an agenda: They make money by showing their users ads, and they are increasingly interested in s…"
271;0;Sun Aug 30 14:34:11 +0000 2020;Jon Bell and LHSAA think they know better than most other states. And that Louisiana of all places has better data… https://t.co/BAS00Qt2C2
272;0;Sun Aug 30 14:34:18 +0000 2020;"RT @engineering_ee: للاستفادة من وقتك في البيت هذا الموقع يقدم لك دورات مجانية في مختلف التخصصات وتقدم من جامعات متميز
https://t.co/sFC42VN…"
273;1;Sun Aug 30 14:34:24 +0000 2020;Introduction to Computational Thinking and Data Science https://t.co/WueynVCua6  #DataScience
274;1;Sun Aug 30 14:34:29 +0000 2020;RT @machinelearnflx: Introduction to Computational Thinking and Data Science https://t.co/WueynVCua6  #DataScience
275;1;Sun Aug 30 14:34:30 +0000 2020;RT @machinelearnflx: Introduction to Computational Thinking and Data Science https://t.co/WueynVCua6  #DataScience
276;0;Sun Aug 30 14:34:37 +0000 2020;Great thread on soundings. #azwx
277;0;Sun Aug 30 14:34:38 +0000 2020;"Three ways to boost your #Twitter reach:

1️⃣ Tweet valuable posts, data, stats

2️⃣ Engage, Engage (the… https://t.co/iN0foYyeuD"
278;1;Sun Aug 30 14:34:41 +0000 2020;"RT @Ronald_vanLoon: Predictive #Analytics: Redefining the Sport of Sailing
by @Ronald_vanLoon &amp; Edwin Upson |

Register Here: https://t.co/…"
279;1;Sun Aug 30 14:34:44 +0000 2020;RT @RepThomasMassie: Real science is repeatable and can predict outcomes. What’s remarkable about this virus is how well the actual data fi…
280;1;Sun Aug 30 14:34:44 +0000 2020;RT @machinelearnflx: Introduction to Computational Thinking and Data Science https://t.co/WueynVCua6  #DataScience
281;0;Sun Aug 30 14:35:06 +0000 2020;"""It seems to be a pattern of approval without science, without data, without evidence”

https://t.co/UInuhOccag"
282;1;Sun Aug 30 14:35:17 +0000 2020;RT @detroitnews: Editorial: Whitmer’s administration touts science and data as the reason behind shutdown orders, but the specific data it…
283;0;Sun Aug 30 14:35:18 +0000 2020;"RT @seocharge_: Three ways to boost your #Twitter reach:

1️⃣ Tweet valuable posts, data, stats

2️⃣ Engage, Engage (the @MadalynSklar way)…"
284;0;Sun Aug 30 14:35:22 +0000 2020;"RT @seocharge_: Three ways to boost your #Twitter reach:

1️⃣ Tweet valuable posts, data, stats

2️⃣ Engage, Engage (the @MadalynSklar way)…"
285;1;Sun Aug 30 14:35:28 +0000 2020;"RT @Ronald_vanLoon: Four Strategies for Upskilling in #DataScience After Covid-19 Pandemic
by @Ronald_vanloon |

Read more: https://t.co/rX…"
286;0;Sun Aug 30 14:35:43 +0000 2020;The Trump campaign reportedly refers privately to a vaccine approval by October, just ahead of the general election… https://t.co/eXD7vxSnrT
287;0;Sun Aug 30 14:35:46 +0000 2020;"RT @OBusybody: In just the last 3 days

⭐️CV19 Data is problematic
https://t.co/dt11M35ajh
⭐️Masking children causes problems
https://t.co/…"
288;0;Sun Aug 30 14:35:46 +0000 2020;RT @munves: @SteveFDA Great news! Now pls grant EUA to #leronlimab for M2M Covid patients. The data shows it safe and effective. Let the sc…
289;1;Sun Aug 30 14:35:48 +0000 2020;"RT @pyrrhl: ""Surprise"" the virus (and subsequently the data) is doing exactly what we all told you the science said it was gonna do https:/…"
290;0;Sun Aug 30 14:35:54 +0000 2020;RT @DanielBerglind: Meta-analysis: can passive heating interventions improve muscle hypertrophy (maybe, but more data is needed)? https://t…
291;0;Sun Aug 30 14:35:59 +0000 2020;"RT @essayriley: Having some trouble completing your computer science #assignment. DM for help and I'll deliver quality work for you.
#Progr…"
292;1;Sun Aug 30 14:36:00 +0000 2020;How to Protect the Data on Your Laptop : #analytics #googleads #facebookads https://t.co/huJlDWhcMz
293;0;Sun Aug 30 14:36:01 +0000 2020;"""Bending to Trump White House pressure will only harm trust in the longtime venerable institution and hurt public h… https://t.co/F3c0iGOTg2"
294;1;Sun Aug 30 14:36:15 +0000 2020;RT @UoL_UGrad_LSE: The University of London now offers supported online degrees in fields like economics, business and management, and data…
295;0;Sun Aug 30 14:36:22 +0000 2020;"RT @Ronald_vanLoon: Support Preparedness and Continuity With Emergency #Management
by @Ronald_vanLoon | 

Read more: https://t.co/ppw4eXFuj…"
296;0;Sun Aug 30 14:36:22 +0000 2020;Check out this Meetup Group in Santa Clara: https://t.co/QYh23f73PW #Meetup #SantaClara via @Meetup . For content a… https://t.co/UbXVcVhYD4
297;1;Sun Aug 30 14:36:28 +0000 2020;RT @jsolomonReports: Astronomers say artificial intelligence discovered dozens of new planets in old telescope data | Just The News https:/…
298;1;Sun Aug 30 14:36:34 +0000 2020;RT @ChelseaParlett: Just wanna re-up this in case any other Data Science people are willing to participate. It's for a good cause: teaching…
299;0;Sun Aug 30 14:36:35 +0000 2020;RT @AlexBerenson: Wow, you’re an “IP attorney” who has no idea how clinical trials actually work. I hope none of your IP work is related in…
300;0;Sun Aug 30 14:36:36 +0000 2020;RT @IntelOperator: The Trump campaign reportedly refers privately to a vaccine approval by October, just ahead of the general election, as…
301;1;Sun Aug 30 14:36:36 +0000 2020;Ten simple rules to power drug discovery with data science https://t.co/GX89OkQ0CU
302;1;Sun Aug 30 14:36:43 +0000 2020;RT @RepThomasMassie: Real science is repeatable and can predict outcomes. What’s remarkable about this virus is how well the actual data fi…
303;0;Sun Aug 30 14:36:52 +0000 2020;"""What I worry about the most is an October surprise—of FDA being forced to do something it doesn't want to or scien… https://t.co/9yhEJka7rn"
304;0;Sun Aug 30 14:36:55 +0000 2020;@ShenghongZhong we have a grad student doing DS, and there's also Simon who tagged me on his first post https://t.co/hAoBcIPgFQ
305;1;Sun Aug 30 14:37:01 +0000 2020;"RT @byLilyV: #FEATURED #COURSES
The #Data #Science Course 2020: Complete #DataScience Bootcamp
In demand skills: #Statistical #analysis
#Py…"
306;1;Sun Aug 30 14:37:04 +0000 2020;"And Now This:  Data Science Solutions for Emerging and Existing Agriculture Issues - Analytics Insight

#tech… https://t.co/1vBA6peTk2"
307;0;Sun Aug 30 14:37:07 +0000 2020;"RT @IntelOperator: ""It seems to be a pattern of approval without science, without data, without evidence”

https://t.co/UInuhOccag"
308;1;Sun Aug 30 14:37:10 +0000 2020;"RT @cichuck: And Now This:  Data Science Solutions for Emerging and Existing Agriculture Issues - Analytics Insight

#tech #technology #dat…"
309;0;Sun Aug 30 14:37:11 +0000 2020;@leeds2d @BBCNews I stick with the Science and Technology articles, I avoid any political stuff on any media organi… https://t.co/R0LFKH9xlk
310;1;Sun Aug 30 14:37:23 +0000 2020;"RT @byLilyV: #FEATURED #COURSES
The #Data #Science Course 2020: Complete #DataScience Bootcamp
In demand skills: #Statistical #analysis
#Py…"
311;1;Sun Aug 30 14:37:29 +0000 2020;"RT @cichuck: And Now This:  Data Science Solutions for Emerging and Existing Agriculture Issues - Analytics Insight

#tech #technology #dat…"
312;0;Sun Aug 30 14:37:31 +0000 2020;RT @B52Malmet: Speaking with my friend, an anesthesiologist at a major hospital in #NYC today he said “You know, the CDC, the FDA, they wer…
313;0;Sun Aug 30 14:37:49 +0000 2020;"RT @IntelOperator: ""What I worry about the most is an October surprise—of FDA being forced to do something it doesn't want to or science do…"
314;0;Sun Aug 30 14:37:50 +0000 2020;“The state has also not been upfront with other pandemic metrics, including hospitalization rates and specific data… https://t.co/EkMRr06V2L
315;1;Sun Aug 30 14:37:55 +0000 2020;"RT @Ronald_vanLoon: Predictive #Analytics: Redefining the Sport of Sailing
by @Ronald_vanLoon &amp; Edwin Upson |

Register Here: https://t.co/…"
316;0;Sun Aug 30 14:37:59 +0000 2020;"RT @IntelOperator: ""What I worry about the most is an October surprise—of FDA being forced to do something it doesn't want to or science do…"
317;1;Sun Aug 30 14:38:25 +0000 2020;@amymaxmen @salauer_biostat @cmyeaton Data is being used as a weapon in a political war, qPCR is very sensitive, lo… https://t.co/NgVMbijMPB
318;0;Sun Aug 30 14:38:41 +0000 2020;"RT @Crypto___Oracle: Ari Juels, one of the top computer science minds &amp; inventors of our time is now heading the future architecture of Cha…"
319;1;Sun Aug 30 14:38:45 +0000 2020;RT @jsolomonReports: Astronomers say artificial intelligence discovered dozens of new planets in old telescope data | Just The News https:/…
320;0;Sun Aug 30 14:39:03 +0000 2020;This job might be a great fit for you: Manager, Data Analytics - https://t.co/NRsrGwOm6S #SupplyChain #Novi, MI
321;1;Sun Aug 30 14:39:14 +0000 2020;“We’ve got machine-learning and data science looking not just at consumption of journalism but also propensity to s… https://t.co/hQDG9VE0ox
322;1;Sun Aug 30 14:39:14 +0000 2020;RT @jsolomonReports: Astronomers say artificial intelligence discovered dozens of new planets in old telescope data | Just The News https:/…
323;1;Sun Aug 30 14:39:26 +0000 2020;RT @TNHIMSS: Keep tabs on what's happening in big data and analytics at the virtual @nashtechcouncil event. We're proud to partner on the h…
324;1;Sun Aug 30 14:39:42 +0000 2020;RT @RepThomasMassie: Real science is repeatable and can predict outcomes. What’s remarkable about this virus is how well the actual data fi…
325;0;Sun Aug 30 14:39:50 +0000 2020;RT @hanxvey: Untuk memahami sifat sale yang sebenar ni. Privileged sebenarnya untuk era marketing sekarang. For those yang start dengan car…
326;0;Sun Aug 30 14:40:00 +0000 2020;"Udemy Free Discount - Data Science: Natural Language Processing (NLP) in Python #udemycoupon -&gt;… https://t.co/7cdzJ5gGRO"
327;1;Sun Aug 30 14:40:01 +0000 2020;RT @ShenghongZhong: @swyx Is there anyone who is doing python data science? It might work.
328;0;Sun Aug 30 14:40:03 +0000 2020;"RT @FatEmperor: On this Sunday morning, the newspapers will again be fueling hysteria like demented loons.

Please click on below data and…"
329;1;Sun Aug 30 14:40:06 +0000 2020;"RT @couponfree01: Udemy Free Discount - Data Science: Natural Language Processing (NLP) in Python #udemycoupon -&gt; https://t.co/gA7x2Rg7tt…"
330;0;Sun Aug 30 14:40:11 +0000 2020;"Is video data at the core of your communications strategy yet? Learn more from 29studios Founder &amp; CEO… https://t.co/jGMptCd2Sf"
331;1;Sun Aug 30 14:40:13 +0000 2020;"RT @cichuck: And Now This:  Data Science Solutions for Emerging and Existing Agriculture Issues - Analytics Insight

#tech #technology #dat…"
332;0;Sun Aug 30 14:40:13 +0000 2020;"RT @FatEmperor: On this Sunday morning, the newspapers will again be fueling hysteria like demented loons.

Please click on below data and…"
333;1;Sun Aug 30 14:40:19 +0000 2020;RT @BerkeleyData: Become a leader in data science with the UC Berkeley I School’s online master’s program. No GRE scores required to apply.…
334;0;Sun Aug 30 14:40:27 +0000 2020;"RT @ahmadirfaan_: &lt;day 0 of mamad’s journey in ds / ai&gt;

saatnya mulai dengan serius salah satu minat gue selama kuliah di fasilkom, data s…"
335;0;Sun Aug 30 14:40:27 +0000 2020;"RT @DuckDuckGo: ""Female-body trackers have an agenda: They make money by showing their users ads, and they are increasingly interested in s…"
336;0;Sun Aug 30 14:40:48 +0000 2020;“The result obviously is a gradual shift of the baseline,” Pauly wrote, “a gradual accommodation of the creeping di… https://t.co/ePAxqbRytG
337;1;Sun Aug 30 14:40:51 +0000 2020;RT @machinelearnflx: Introduction to Computational Thinking and Data Science https://t.co/WueynVCua6  #DataScience
338;1;Sun Aug 30 14:40:52 +0000 2020;"RT @Ronald_vanLoon: A Successful Artificial Memory Has Been Created
by @ Robert Martone @sciam

Go to https://t.co/n6umN4gf7X

#IoT #BigDat…"
339;0;Sun Aug 30 14:41:06 +0000 2020;@Beemosabi @wpardue @2019Return @aubrey_huff The data says masks work. So believing they don’t is whats actually “n… https://t.co/paRmZodh52
340;1;Sun Aug 30 14:41:13 +0000 2020;"@littllemel You don't understand how science/data works. Most people who have AIDS don't die from AIDS, but ""complications"" from it."
341;1;Sun Aug 30 14:41:21 +0000 2020;RT @TIBCO: Helping high-performance organizations solve complex #data #analytics challenges is at the core of what we do. Take a look behin…
342;0;Sun Aug 30 14:41:21 +0000 2020;"El ultimo paper de @databricks sobre @ApacheSpark y @DeltaLakeOSS no os lo podéis perder
El futuro de Analytics est… https://t.co/ZTwAug7wiD"
343;0;Sun Aug 30 14:41:27 +0000 2020;@AmyKazmin When did you use data, mathematics and science before writing your anti Hindu and anti India articles?
344;1;Sun Aug 30 14:41:31 +0000 2020;RT @detroitnews: Editorial: Whitmer’s administration touts science and data as the reason behind shutdown orders, but the specific data it…
345;0;Sun Aug 30 14:41:35 +0000 2020;"@SteveFDA Please show respect to data, science and human life as you promised!
Release #leronlimab now!
Any delay i… https://t.co/PItTzoXT0j"
346;1;Sun Aug 30 14:41:39 +0000 2020;RT @chapin4u: Optimization guide for Power BI https://t.co/dQMoseApoG
347;0;Sun Aug 30 14:41:42 +0000 2020;"Is video data at the core of your communications strategy yet? Learn more from 29studios Founder &amp; CEO… https://t.co/oY4LElQjSF"
348;1;Sun Aug 30 14:41:45 +0000 2020;RT @TIBCO: Helping high-performance organizations solve complex #data #analytics challenges is at the core of what we do. Take a look behin…
349;0;Sun Aug 30 14:41:48 +0000 2020;"RT @nashtechcouncil: At The Analytics Summit 2020, Darin McCloy from Clarity Cyber Assurance will speak on ""Data Stewardship - Designing yo…"
350;0;Sun Aug 30 14:41:52 +0000 2020;RT @AlexBerenson: Wow, you’re an “IP attorney” who has no idea how clinical trials actually work. I hope none of your IP work is related in…
351;0;Sun Aug 30 14:42:01 +0000 2020;"""Yet despite what many researchers see as the potential of historical data, it is still usually left out of the ass… https://t.co/BUKyxhizaE"
352;1;Sun Aug 30 14:42:02 +0000 2020;RT @jsolomonReports: Astronomers say artificial intelligence discovered dozens of new planets in old telescope data | Just The News https:/…
353;0;Sun Aug 30 14:42:07 +0000 2020;RT @AlexBerenson: Wow, you’re an “IP attorney” who has no idea how clinical trials actually work. I hope none of your IP work is related in…
354;0;Sun Aug 30 14:42:09 +0000 2020;"RT @engineering_ee: كورس مجاني مقدم من ماتلاب مدته سبعه ايام  في البيانات لا يفوتكم.....
#كورسات #كورس #بيانات #مهندسين 

https://t.co/iekI…"
355;0;Sun Aug 30 14:42:10 +0000 2020;"The governor constantly says that she is acting on science but provides little &amp;/or vague scientific data/ information for her decisions."
356;0;Sun Aug 30 14:42:12 +0000 2020;Seven West Media inks audience data deal with TEG Analytics https://t.co/F3dBv6DzMq
357;0;Sun Aug 30 14:42:12 +0000 2020;"RT @Strategy_Gal: If you had to choose one superpower for your #DataScience team, what would it be?

For me it’s the power of #business und…"
358;1;Sun Aug 30 14:42:17 +0000 2020;"#DrugDiscovery 
#DataScience https://t.co/xqnTnCjDs8"
359;0;Sun Aug 30 14:42:26 +0000 2020;1.  There have been less than 10,000 #COVID19 deaths in the United States, where COVID was listed as the only cause… https://t.co/OXWfftp638
360;1;Sun Aug 30 14:42:29 +0000 2020;Helping high-performance organizations solve complex #data #analytics challenges is at the core of what we do. Take… https://t.co/kk25bzsozr
361;1;Sun Aug 30 14:42:29 +0000 2020;"RT @kshameer: #DrugDiscovery 
#DataScience https://t.co/tMiFRkFHyg https://t.co/xqnTnCjDs8"
362;1;Sun Aug 30 14:42:35 +0000 2020;RT @RepThomasMassie: Real science is repeatable and can predict outcomes. What’s remarkable about this virus is how well the actual data fi…
363;0;Sun Aug 30 14:42:35 +0000 2020;@Dennisabm @Mongo3804 @RickySi16087724 @Lovestr50361283 @MamaLouies @Tanfox13 @robcarlson20 @KarmaKazi10… https://t.co/hjaaW44uey
364;0;Sun Aug 30 14:42:46 +0000 2020;RT @CarolinaTrace4k: @mamabrash69 @chrislhayes Actual data versus fear.. 300 schools, only two transmissions from 19 positive kids.  Teache…
365;0;Sun Aug 30 14:42:59 +0000 2020;".@JoeBiden @KamalaHarris
@SpeakerPelosi
@SenSchumer
The #DNC2020
and the mainstream media have all been lying to yo… https://t.co/2YPazYQHxf"
366;0;Sun Aug 30 14:43:12 +0000 2020;RT @AlexBerenson: Wow, you’re an “IP attorney” who has no idea how clinical trials actually work. I hope none of your IP work is related in…
367;0;Sun Aug 30 14:43:13 +0000 2020;"RT @toncarrera: “The greatest value of a picture is when it forces us to notice what we never expected to see.”
John W. Tukey

#datascience…"
368;0;Sun Aug 30 14:43:39 +0000 2020;@therealfrasio @KristaArsenaul3 @celliottability Check the thread. I posted studies and I posted articles with data… https://t.co/krXYcAWqTS
369;0;Sun Aug 30 14:43:42 +0000 2020;@kwilliams44 You have to be very careful making assumptions based on these numbers. There are many variables that c… https://t.co/hhbF43EIK6
370;0;Sun Aug 30 14:43:42 +0000 2020;"RT @FatEmperor: On this Sunday morning, the newspapers will again be fueling hysteria like demented loons.

Please click on below data and…"
371;0;Sun Aug 30 14:43:49 +0000 2020;RT @Razorbx1313: @GovMLG @NMDOH Ur logic and science is based on stupidity.  Sitting next to someone outdoors at a restaurant with no mask…
372;0;Sun Aug 30 14:43:49 +0000 2020;"RT @DuckDuckGo: ""Female-body trackers have an agenda: They make money by showing their users ads, and they are increasingly interested in s…"
373;1;Sun Aug 30 14:43:55 +0000 2020;Depends on who the scientist is and what they are telling you based on their interpretation of the data.    Shockin… https://t.co/6J2ASbTWCn
374;0;Sun Aug 30 14:43:59 +0000 2020;@DuckDuckGo is letting us know what's up
375;0;Sun Aug 30 14:44:04 +0000 2020;RT @CarolinaTrace4k: @mamabrash69 @chrislhayes Actual data versus fear.. 300 schools, only two transmissions from 19 positive kids.  Teache…
376;1;Sun Aug 30 14:44:05 +0000 2020;RT @ElementoLab: Ten simple rules to power drug discovery with data science https://t.co/GX89OkQ0CU
377;0;Sun Aug 30 14:44:12 +0000 2020;@CPHO_Canada @NBHealth @HorizonHealthNB @JustinTrudeau @BlaineHiggs2020 @Gov_NB
378;0;Sun Aug 30 14:44:37 +0000 2020;RT @fcolas8: @FestimagesNatur @mediatriceRF @MinSoliSante @Inserm @guardian @WHO @BBCNews @CDCgov @AliBaddou @MartinHirsch @FinancialTimes…
379;0;Sun Aug 30 14:44:41 +0000 2020;Bu dengesiz aynı şeyleri bi kaç aya kalmaz barışa ve bize de yaşatır diyorum ve köşeye çekiliyorum :)))
380;0;Sun Aug 30 14:44:48 +0000 2020;"RT @seocharge_: Three ways to boost your #Twitter reach:

1️⃣ Tweet valuable posts, data, stats

2️⃣ Engage, Engage (the @MadalynSklar way)…"
381;0;Sun Aug 30 14:44:51 +0000 2020;RT @AlexBerenson: Wow, you’re an “IP attorney” who has no idea how clinical trials actually work. I hope none of your IP work is related in…
382;1;Sun Aug 30 14:45:05 +0000 2020;Data Engineers Build. Data Scientists Analyze. #datascience https://t.co/rIETfBrkmi
383;1;Sun Aug 30 14:45:05 +0000 2020;"RT @NWSPhoenix: Time for a Sunday Morning Science post (is that even a thing?).

Here's what we see in this morning's weather balloon data…"
384;1;Sun Aug 30 14:45:11 +0000 2020;RT @grjenkin: Data Engineers Build. Data Scientists Analyze. #datascience https://t.co/rIETfBrkmi
385;1;Sun Aug 30 14:45:19 +0000 2020;Analytics Vidhya - Learn Machine learning, artificial intelligence, business analytics, data science, big data, dat… https://t.co/sDKkhssbYW
386;1;Sun Aug 30 14:45:24 +0000 2020;Data Science Platform Industry 2020 by Market Analysis, Growth Opportunity, Future and -  https://t.co/WvS75nVrI2 #datascience #intoAInews
387;1;Sun Aug 30 14:45:24 +0000 2020;RT @curated_data: Analytics Vidhya - Learn Machine learning, artificial intelligence, business analytics, data science, big data, data ...…
388;1;Sun Aug 30 14:45:29 +0000 2020;RT @into_AI: Data Science Platform Industry 2020 by Market Analysis, Growth Opportunity, Future and -  https://t.co/WvS75nVrI2 #datascience…
389;1;Sun Aug 30 14:45:29 +0000 2020;RT @grjenkin: Data Engineers Build. Data Scientists Analyze. #datascience https://t.co/rIETfBrkmi
390;0;Sun Aug 30 14:45:29 +0000 2020;RT @B52Malmet: Speaking with my friend, an anesthesiologist at a major hospital in #NYC today he said “You know, the CDC, the FDA, they wer…
391;1;Sun Aug 30 14:45:30 +0000 2020;RT @into_AI: Data Science Platform Industry 2020 by Market Analysis, Growth Opportunity, Future and -  https://t.co/WvS75nVrI2 #datascience…
392;1;Sun Aug 30 14:45:35 +0000 2020;RT @machinelearnflx: Introduction to Computational Thinking and Data Science https://t.co/WueynVCua6  #DataScience
393;0;Sun Aug 30 14:45:36 +0000 2020;"RT @FatEmperor: On this Sunday morning, the newspapers will again be fueling hysteria like demented loons.

Please click on below data and…"
394;1;Sun Aug 30 14:45:37 +0000 2020;RT @RepThomasMassie: Real science is repeatable and can predict outcomes. What’s remarkable about this virus is how well the actual data fi…
395;0;Sun Aug 30 14:45:51 +0000 2020;RT @AlexBerenson: Wow, you’re an “IP attorney” who has no idea how clinical trials actually work. I hope none of your IP work is related in…
396;0;Sun Aug 30 14:45:54 +0000 2020;RT @Craig_A_Spencer: I had Ebola and was treated with convalescent plasma. It was before we had good data on it. And it actually made me wo…
397;0;Sun Aug 30 14:46:00 +0000 2020;Virtueller Customer Focus Day SAP 6. Oktober: Vortrag „Data Analytics, die zentrale Bedeutung einer Data Stewardshi… https://t.co/MZlH9udHyA
398;1;Sun Aug 30 14:46:10 +0000 2020;RT @into_AI: Data Science Platform Industry 2020 by Market Analysis, Growth Opportunity, Future and -  https://t.co/WvS75nVrI2 #datascience…
399;0;Sun Aug 30 14:46:16 +0000 2020;@Beemosabi @wpardue @2019Return @aubrey_huff Lol I’m aware. It’s blatantly obvious that you don’t care about facts… https://t.co/6Umb6DM2kV
400;0;Sun Aug 30 14:46:17 +0000 2020;"RT @DuckDuckGo: ""Female-body trackers have an agenda: They make money by showing their users ads, and they are increasingly interested in s…"
401;1;Sun Aug 30 14:46:21 +0000 2020;RT @grjenkin: Data Engineers Build. Data Scientists Analyze. #datascience https://t.co/rIETfBrkmi
402;0;Sun Aug 30 14:46:23 +0000 2020;RT @AlexBerenson: Wow, you’re an “IP attorney” who has no idea how clinical trials actually work. I hope none of your IP work is related in…
403;0;Sun Aug 30 14:46:32 +0000 2020;You can cut the data in different ways but the UK sits at or close to the top of the league tables for death whiche… https://t.co/8qGRUKoy9b
404;0;Sun Aug 30 14:46:33 +0000 2020;RT @OBusybody: This encapsulates many of the knee-jerk responses that will be coming in the next few weeks to college campuses around the c…
405;0;Sun Aug 30 14:46:39 +0000 2020;"RT @OBusybody: Amazing that billion-dollar organizations like @bigten and @pac12 can be so easily duped by fear &amp; politics masquerading as…"
406;1;Sun Aug 30 14:46:44 +0000 2020;RT @detroitnews: Editorial: Whitmer’s administration touts science and data as the reason behind shutdown orders, but the specific data it…
407;0;Sun Aug 30 14:47:06 +0000 2020;RT @melzinhonateta: Pra quem quer matar dois coelhos com uma cajadada só, Harvard está oferecendo cursos nas mais diversas áres, sendo elas…
408;0;Sun Aug 30 14:47:08 +0000 2020;"RT @FatEmperor: On this Sunday morning, the newspapers will again be fueling hysteria like demented loons.

Please click on below data and…"
409;1;Sun Aug 30 14:47:08 +0000 2020;RT @RepThomasMassie: Real science is repeatable and can predict outcomes. What’s remarkable about this virus is how well the actual data fi…
410;1;Sun Aug 30 14:47:14 +0000 2020;RT @jsolomonReports: Astronomers say artificial intelligence discovered dozens of new planets in old telescope data | Just The News https:/…
411;1;Sun Aug 30 14:47:22 +0000 2020;"RT @machinelearnflx: Huge List of Free Artificial Intelligence, Machine Learning, Data Science &amp; Python E-Books https://t.co/PIezuIybdO  #D…"
412;0;Sun Aug 30 14:47:27 +0000 2020;RT @CarolinaTrace4k: @mamabrash69 @chrislhayes Actual data versus fear.. 300 schools, only two transmissions from 19 positive kids.  Teache…
413;1;Sun Aug 30 14:47:41 +0000 2020;"RT @MomentsWithBren: A Complete Guide To Data Science Career Path – By Great Learning &amp; AIM

 https://t.co/msLJna6HbN"
414;0;Sun Aug 30 14:47:47 +0000 2020;RT @JeanneBartram: You can cut the data in different ways but the UK sits at or close to the top of the league tables for death whichever w…
415;0;Sun Aug 30 14:47:48 +0000 2020;"RT @FatEmperor: On this Sunday morning, the newspapers will again be fueling hysteria like demented loons.

Please click on below data and…"
416;1;Sun Aug 30 14:48:07 +0000 2020;RT @javinpaul: Top 10 Coursera Certifications to Learn Data Science, Data Analysis and Data Visualization - Best of Lot  https://t.co/3UeV0…
417;0;Sun Aug 30 14:48:14 +0000 2020;"RT @alentyler: Heyy 👋🏾 ,

I’ll be hosting  a monthly virtual series  starting from  today.

We’ll  get to explore amazing  capabilities of…"
418;1;Sun Aug 30 14:48:16 +0000 2020;"RT @MomentsWithBren: A Complete Guide To Data Science Career Path – By Great Learning &amp; AIM

 https://t.co/msLJna6HbN"
419;1;Sun Aug 30 14:48:18 +0000 2020;RT @UoL_UGrad_LSE: The University of London now offers supported online degrees in fields like economics, business and management, and data…
420;0;Sun Aug 30 14:48:21 +0000 2020;"RT @couponfree01: Udemy Free Discount - Data Science: Natural Language Processing (NLP) in Python #udemycoupon -&gt; https://t.co/gA7x2Rg7tt…"
421;0;Sun Aug 30 14:48:25 +0000 2020;"RT @IntelOperator: ""What I worry about the most is an October surprise—of FDA being forced to do something it doesn't want to or science do…"
422;0;Sun Aug 30 14:48:26 +0000 2020;"RT @FatEmperor: On this Sunday morning, the newspapers will again be fueling hysteria like demented loons.

Please click on below data and…"
423;1;Sun Aug 30 14:48:39 +0000 2020;RT @LISACommunity: Join us next week Tuesday through Thursday for three days of @LISACommunity science, technology development, and data-an…
424;0;Sun Aug 30 14:48:46 +0000 2020;"RT @AchieveTheDream: ATD’s 2020 Data &amp; Analytics Virtual Summit focuses on dismantling barriers and biases. Join hundreds of higher educati…"
425;1;Sun Aug 30 14:48:52 +0000 2020;RT @BaselessPursuit: Please RT!: Open post-doc position in my (brand new) group at Johns Hopkins BME working on data science and machine le…
426;1;Sun Aug 30 14:48:59 +0000 2020;RT @DataAugmented: Are online data science masters programs legit or worth it? https://t.co/JwqjJsDsPD #datascience
427;1;Sun Aug 30 14:49:00 +0000 2020;Building a #Data Platform to Enable Analytics and AI-Driven Innovation #Innovation #ui #AI  https://t.co/g7NEUYjEcT
428;0;Sun Aug 30 14:49:03 +0000 2020;"RT @IntelOperator: ""What I worry about the most is an October surprise—of FDA being forced to do something it doesn't want to or science do…"
429;1;Sun Aug 30 14:49:05 +0000 2020;RT @Nicochan33: Building a #Data Platform to Enable Analytics and AI-Driven Innovation #Innovation #ui #AI  https://t.co/g7NEUYjEcT
430;0;Sun Aug 30 14:49:07 +0000 2020;#grateful to be living in #Tampa with @RonDeSantisFL as our Governor. #freedom
431;0;Sun Aug 30 14:49:07 +0000 2020;"RT @IntelOperator: ""What I worry about the most is an October surprise—of FDA being forced to do something it doesn't want to or science do…"
432;0;Sun Aug 30 14:49:19 +0000 2020;RT @AlexBerenson: Wow, you’re an “IP attorney” who has no idea how clinical trials actually work. I hope none of your IP work is related in…
433;0;Sun Aug 30 14:49:33 +0000 2020;"RT @FatEmperor: On this Sunday morning, the newspapers will again be fueling hysteria like demented loons.

Please click on below data and…"
434;0;Sun Aug 30 14:49:34 +0000 2020;"RT @IntelOperator: ""It seems to be a pattern of approval without science, without data, without evidence”

https://t.co/UInuhOccag"
435;1;Sun Aug 30 14:49:35 +0000 2020;RT @SamueL_WonG_: Data Science Like a Pro: Anaconda and Jupyter Notebook on Visual Studio Code https://t.co/cZmGwhHOH5
436;0;Sun Aug 30 14:49:36 +0000 2020;"RT @IntelOperator: ""What I worry about the most is an October surprise—of FDA being forced to do something it doesn't want to or science do…"
437;0;Sun Aug 30 14:49:42 +0000 2020;"RT @IntelOperator: ""What I worry about the most is an October surprise—of FDA being forced to do something it doesn't want to or science do…"
438;0;Sun Aug 30 14:49:44 +0000 2020;"@alex @whoop I put mine in a short pocket that zips. 

I’ve thought about getting a Whoop but am by no means a pro… https://t.co/7Md8ACZr0F"
439;0;Sun Aug 30 14:49:44 +0000 2020;"RT @IntelOperator: ""What I worry about the most is an October surprise—of FDA being forced to do something it doesn't want to or science do…"
440;0;Sun Aug 30 14:49:48 +0000 2020;"RT @IntelOperator: ""What I worry about the most is an October surprise—of FDA being forced to do something it doesn't want to or science do…"
441;1;Sun Aug 30 14:49:49 +0000 2020;RT @conservationx: We're looking for someone to join us this fall for an Epic #Fellowship to #research and #analyze data on the cutting-edg…
442;0;Sun Aug 30 14:50:00 +0000 2020;What are the benefits of using #DataVault2. In the second of seven videos #DataVault will show you when to use… https://t.co/KfVvzBn6Vp
443;1;Sun Aug 30 14:50:01 +0000 2020;RT @EmfFact: @SteveDeaceShow Science is useful for controlled (lab) experiments with lots of data, when you know the data generating proces…
444;0;Sun Aug 30 14:50:22 +0000 2020;RT @scott_stelpflug: Come work with us ⁦@SyngentaUS⁩ ! If you have a passion for helping growers, and are skilled in genetics, breeding, an…
445;0;Sun Aug 30 14:50:32 +0000 2020;"RT @IntelOperator: ""What I worry about the most is an October surprise—of FDA being forced to do something it doesn't want to or science do…"
446;0;Sun Aug 30 14:50:33 +0000 2020;RT @B52Malmet: Speaking with my friend, an anesthesiologist at a major hospital in #NYC today he said “You know, the CDC, the FDA, they wer…
447;0;Sun Aug 30 14:50:42 +0000 2020;"RT @IntelOperator: ""What I worry about the most is an October surprise—of FDA being forced to do something it doesn't want to or science do…"
448;0;Sun Aug 30 14:50:48 +0000 2020;antipatiğin bi tweetine like atmak zorunda kaldım
449;1;Sun Aug 30 14:51:19 +0000 2020;Good healthcare BI starts with cleaning a large amount of data that resides in different silos. We have been invest… https://t.co/RaxLz8nYJ5
450;0;Sun Aug 30 14:51:24 +0000 2020;"RT @IntelOperator: ""What I worry about the most is an October surprise—of FDA being forced to do something it doesn't want to or science do…"
451;1;Sun Aug 30 14:51:25 +0000 2020;RT @detroitnews: Editorial: Whitmer’s administration touts science and data as the reason behind shutdown orders, but the specific data it…
452;0;Sun Aug 30 14:51:26 +0000 2020;"RT @IntelOperator: ""What I worry about the most is an October surprise—of FDA being forced to do something it doesn't want to or science do…"
453;1;Sun Aug 30 14:51:27 +0000 2020;RT @RichardEudes: What makes up a strong data science team structure? https://t.co/mBcxkpc7lg #bigdata, #datascience, #datascience #ds
454;1;Sun Aug 30 14:51:28 +0000 2020;RT @Nicochan33: Building a #Data Platform to Enable Analytics and AI-Driven Innovation #Innovation #ui #AI  https://t.co/g7NEUYjEcT
455;1;Sun Aug 30 14:51:30 +0000 2020;RT @RichardEudes: What makes up a strong data science team structure? https://t.co/mBcxkpc7lg #bigdata, #datascience, #datascience #ds
456;0;Sun Aug 30 14:51:32 +0000 2020;"RT @DuckDuckGo: ""Female-body trackers have an agenda: They make money by showing their users ads, and they are increasingly interested in s…"
457;0;Sun Aug 30 14:51:39 +0000 2020;"RT @IntelOperator: ""What I worry about the most is an October surprise—of FDA being forced to do something it doesn't want to or science do…"
458;0;Sun Aug 30 14:51:56 +0000 2020;"Science in the Election Cycle with the Science Voter Guide 

READ MORE: https://t.co/hHW1BMhR2A

#Art #Astronomy… https://t.co/YrCtwOTTFc"
459;0;Sun Aug 30 14:52:01 +0000 2020;"RT @IAM__Network: Science in the Election Cycle with the Science Voter Guide 

READ MORE: https://t.co/hHW1BMhR2A

#Art #Astronomy #BigData…"
460;1;Sun Aug 30 14:52:01 +0000 2020;RT @UoL_UGrad_LSE: The University of London now offers supported online degrees in fields like economics, business and management, and data…
461;0;Sun Aug 30 14:52:12 +0000 2020;"RT @IntelOperator: ""What I worry about the most is an October surprise—of FDA being forced to do something it doesn't want to or science do…"
462;1;Sun Aug 30 14:52:13 +0000 2020;"RT @NWSPhoenix: Time for a Sunday Morning Science post (is that even a thing?).

Here's what we see in this morning's weather balloon data…"
463;0;Sun Aug 30 14:52:29 +0000 2020;"RT @IAM__Network: Science in the Election Cycle with the Science Voter Guide 

READ MORE: https://t.co/hHW1BMhR2A

#Art #Astronomy #BigData…"
464;0;Sun Aug 30 14:52:30 +0000 2020;"RT @IAM__Network: Science in the Election Cycle with the Science Voter Guide 

READ MORE: https://t.co/hHW1BMhR2A

#Art #Astronomy #BigData…"
465;1;Sun Aug 30 14:52:32 +0000 2020;"Data Science ??

DS differentiates itself from statistics and Application programming by using what it needs from a… https://t.co/zUBUjwcoN2"
466;0;Sun Aug 30 14:52:42 +0000 2020;"RT @IntelOperator: ""What I worry about the most is an October surprise—of FDA being forced to do something it doesn't want to or science do…"
467;0;Sun Aug 30 14:52:43 +0000 2020;#TheMoreYouKnow
468;1;Sun Aug 30 14:52:46 +0000 2020;RT @grjenkin: Data Engineers Build. Data Scientists Analyze. #datascience https://t.co/rIETfBrkmi
469;0;Sun Aug 30 14:52:52 +0000 2020;RT @AlexBerenson: Wow, you’re an “IP attorney” who has no idea how clinical trials actually work. I hope none of your IP work is related in…
470;1;Sun Aug 30 14:52:53 +0000 2020;ADVANCED ANALYTICS TO MANAGE EXCESS FASHION INVENTORY: https://t.co/sQQ4pTs3RL | Use data to get the best price for… https://t.co/kmQaLohqqn
471;0;Sun Aug 30 14:52:53 +0000 2020;"RT @IntelOperator: ""What I worry about the most is an October surprise—of FDA being forced to do something it doesn't want to or science do…"
472;1;Sun Aug 30 14:52:57 +0000 2020;RT @detroitnews: Editorial: Whitmer’s administration touts science and data as the reason behind shutdown orders, but the specific data it…
473;1;Sun Aug 30 14:53:03 +0000 2020;How can organizations gain actionable #intelligence and operationalize #datapipelines that can reduce analytics cyc… https://t.co/fx07WUaLWG
474;1;Sun Aug 30 14:53:10 +0000 2020;"@ProfMattFox We would be in your debt if showed what you mean by ""science"" more precisely 

https://t.co/U8Z0SefaqJ"
475;1;Sun Aug 30 14:53:17 +0000 2020;RT @benwhitelaw: “We’ve got machine-learning and data science looking not just at consumption of journalism but also propensity to subscrib…
476;0;Sun Aug 30 14:53:24 +0000 2020;"RT @IntelOperator: ""What I worry about the most is an October surprise—of FDA being forced to do something it doesn't want to or science do…"
477;0;Sun Aug 30 14:53:27 +0000 2020;"RT @DuckDuckGo: ""Female-body trackers have an agenda: They make money by showing their users ads, and they are increasingly interested in s…"
478;0;Sun Aug 30 14:53:33 +0000 2020;This process started a few years back with a @healthdpt SBRI #MARIO project delighted to seething a have continued… https://t.co/wrlJAkwvjp
479;0;Sun Aug 30 14:53:44 +0000 2020;"RT @quaesita: @kareem_carr Stats:
""statistically speaking...""
""accept the null""
""...we reran the test until...""

ML:
""the AI decided...""
""a…"
480;0;Sun Aug 30 14:53:48 +0000 2020;RT @kufeogluu: Üniversitelerimiz Data Science bölümü açmak için daha neyi bekliyor.
481;1;Sun Aug 30 14:53:51 +0000 2020;RT @tedlieu: Dear @CamAnalytica: Yesterday you tweeted that you are just a data analytics company. Looks like you do more than just data an…
482;0;Sun Aug 30 14:53:53 +0000 2020;"RT @FatEmperor: On this Sunday morning, the newspapers will again be fueling hysteria like demented loons.

Please click on below data and…"
483;1;Sun Aug 30 14:53:54 +0000 2020;The latest The Data analytics Daily! https://t.co/7BsF6dIgxL #bigdata #datascience
484;1;Sun Aug 30 14:53:59 +0000 2020;RT @Data_insider: The latest The Data analytics Daily! https://t.co/7BsF6dIgxL #bigdata #datascience
485;1;Sun Aug 30 14:54:05 +0000 2020;RT @gp_pulipaka: Using Small-Scale History Data to Predict Large-Scale Performance of #HPC App. #BigData #Analytics #DataScience #AI #Machi…
486;1;Sun Aug 30 14:54:07 +0000 2020;RT @neo4j: New #Neo4j Graph Data Science Developer Guide - Connected Feature Extraction https://t.co/wPRwTbL3YK https://t.co/P6iqSERpyJ
487;0;Sun Aug 30 14:54:15 +0000 2020;Science, data and facts? He has said often they don’t matter. He goes with his illiterate “gut”
488;0;Sun Aug 30 14:54:19 +0000 2020;"RT @IntelOperator: ""Bending to Trump White House pressure will only harm trust in the longtime venerable institution and hurt public health…"
489;1;Sun Aug 30 14:54:23 +0000 2020;RT @gp_pulipaka: Using Small-Scale History Data to Predict Large-Scale Performance of #HPC App. #BigData #Analytics #DataScience #AI #Machi…
490;1;Sun Aug 30 14:54:30 +0000 2020;RT @gp_pulipaka: Using Small-Scale History Data to Predict Large-Scale Performance of #HPC App. #BigData #Analytics #DataScience #AI #Machi…
491;0;Sun Aug 30 14:54:32 +0000 2020;Harbour.Space@UTCC 🚀 เปิดบ้านต้อนรับ นร. ร.ร.กำเนิดวิทย์ (KVIS) เพื่ออัพเดตเทรนด์อนาคต Computer Science, Data Scien… https://t.co/7lBJXdPHva
492;1;Sun Aug 30 14:54:33 +0000 2020;RT @detroitnews: Editorial: Whitmer’s administration touts science and data as the reason behind shutdown orders, but the specific data it…
493;1;Sun Aug 30 14:54:45 +0000 2020;"RT @HydrocarbonProc: Avoid common data preparation mistakes to improve analytics results
Learn More: https://t.co/lg83Z9iUwe
#oilandgas"
494;0;Sun Aug 30 14:54:56 +0000 2020;@catwander2000 @JayInslee The the science and the data....according to Inslee 🤔🙄 unless the business happens to be… https://t.co/sF92WuXCZh
495;0;Sun Aug 30 14:55:01 +0000 2020;RT @eelrekab: Python eats away at R: Top Software for #analytics, #datascience, #machinelearning in 2018 https://t.co/Hwfu4TXT4D
496;1;Sun Aug 30 14:55:01 +0000 2020;RT @gp_pulipaka: Using Small-Scale History Data to Predict Large-Scale Performance of #HPC App. #BigData #Analytics #DataScience #AI #Machi…
497;0;Sun Aug 30 14:55:15 +0000 2020;"RT @IntelOperator: ""Bending to Trump White House pressure will only harm trust in the longtime venerable institution and hurt public health…"
498;0;Sun Aug 30 14:55:15 +0000 2020;"RT @DuckDuckGo: ""Female-body trackers have an agenda: They make money by showing their users ads, and they are increasingly interested in s…"
499;0;Sun Aug 30 14:55:17 +0000 2020;RT @eelrekab: Python eats away at R: Top Software for #analytics, #datascience, #machinelearning in 2018 https://t.co/Hwfu4TXT4D
